Workbook

Sheet Lab Results
A1: CarboNature — SOC & Bulk Density Datasheet
A2: v2.0 · Verra VCS VM0042 v2.2 · dry combustion (Dumas) · yellow = laboratory enters, grey = calculated. See the Instructions sheet before filling.
A4: SAMPLE IDENTIFICATION (from the work order) | O4: LABORATORY & METHOD | T4: BULK DENSITY & COARSE FRAGMENTS | Z4: CARBON & NITROGEN (dry combustion) | AG4: TEXTURE (cycle 1 only) | AK4: CALCULATED — do not overwrite
A5: No | B5: Sample ID | C5: Sample Type | D5: Work Order | E5: Installation (Farm) | F5: Project ID | G5: Plot ID | H5: Point ID | I5: Stratum | J5: BSL/PR/WP | K5: Sampling Date | L5: Depth Top [cm] | M5: Depth Base [cm] | N5: Thickness [cm] | O5: Laboratory | P5: Analysis Method | Q5: ISO 17025 | R5: Analysis Date | S5: Replicate No | T5: BD fine earth [g/cm3] | U5: Small CF 2-10mm [mass %] | V5: Large CF >10mm [vol %] | W5: Dry sample mass [g] | X5: Probe/core area [cm2] | Y5: Soil mass [t/ha] | Z5: TC [%] | AA5: TOC 400 [%] | AB5: ROC 600 [%] | AC5: TIC 900 [%] | AD5: TOC = 400+ROC [%] | AE5: N [%] | AF5: C/N ratio | AG5: Sand [%] | AH5: Silt [%] | AI5: Clay [%] | AJ5: USDA Texture Class | AK5: SOC [t/ha] | AL5: QC Check
A6: 1 | N6: =IF(OR(L6="",M6=""),"",M6-L6) | Y6: =IF(AND(W6<>"",X6<>"",X6>0),ROUND(W6/X6*100,1),IF(OR(T6="",N6=""),"",ROUND(T6*N6*100*(1-N(V6)/100),1))) | AD6: =IF(AND(AA6="",AB6=""),"",ROUND(N(AA6)+N(AB6),4)) | AF6: =IF(OR(AD6="",AE6="",AE6=0),"",ROUND(AD6/AE6,2)) | AJ6: =IF(OR(AG6="",AH6="",AI6=""),"",IF(ABS(AG6+AH6+AI6-100)>1,"CHECK SUM",IF(AND(AH6+1.5*AI6<15),"Sand",IF(AND(AH6+1.5*AI6>=15,AH6+2*AI6<30),"Loamy sand",IF(OR(AND(AI6>=7,AI6<20,AG6>52,AH6+2*AI6>=30),AND(AI6<7,AH6<50,AG6>43,AH6+2*AI6>=30)),"Sandy loam",IF(AND(AI6>=7,AI6<27,AH6>=28,AH6<50,AG6<=52),"Loam",IF(OR(AND(AH6>=50,AI6>=12,AI6<27),AND(AH6>=50,AH6<80,AI6<12)),"Silt loam",IF(AND(AH6>=80,AI6<12),"Silt",IF(AND(AI6>=20,AI6<35,AH6<28,AG6>45),"Sandy clay loam",IF(AND(AI6>=27,AI6<40,AG6>20,AG6<=45),"Clay loam",IF(AND(AI6>=27,AI6<40,AG6<=20),"Silty clay loam",IF(AND(AI6>=35,AG6>45),"Sandy clay",IF(AND(AI6>=40,AH6>=40),"Silty clay",IF(AND(AI6>=40,AG6<=45,AH6<40),"Clay","")))))))))))))) | AK6: =IF(OR(AD6="",T6="",N6=""),"",ROUND(AD6*T6*N6*(1-N(V6)/100),2)) | AL6: =IF(B6="","",IF(NOT(AND(LEFT(B6,3)="OFM",LEN(B6)=13)),"Sample ID must be OFM + 10 digits",IF(AND(C6="SOC",AA6="",AB6=""),"TOC 400 / ROC 600 missing",IF(AND(Z6<>"",AA6<>"",AB6<>"",AC6<>"",ABS(Z6-AA6-AB6-AC6)>0.1),"TC <> TOC400 + ROC600 + TIC900",IF(AND(Z6<>"",AD6<>"",Z6<AD6-0.05),"TC < TOC — impossible",IF(AND(T6<>"",OR(T6<0.6,T6>2.0)),"BD outside 0.6-2.0 — verify",IF(AND(C6="Texture",AJ6="CHECK SUM"),"Sand+Silt+Clay must total 100",IF(AND(AD6<>"",AD6>15),"TOC >15% — organic soil?",IF(AND(C6="SOC",W6="",X6=""),"No dry mass/area — ESM not possible","OK"))))))))
A7: 2 | N7: =IF(OR(L7="",M7=""),"",M7-L7) | Y7: =IF(AND(W7<>"",X7<>"",X7>0),ROUND(W7/X7*100,1),IF(OR(T7="",N7=""),"",ROUND(T7*N7*100*(1-N(V7)/100),1))) | AD7: =IF(AND(AA7="",AB7=""),"",ROUND(N(AA7)+N(AB7),4)) | AF7: =IF(OR(AD7="",AE7="",AE7=0),"",ROUND(AD7/AE7,2)) | AJ7: =IF(OR(AG7="",AH7="",AI7=""),"",IF(ABS(AG7+AH7+AI7-100)>1,"CHECK SUM",IF(AND(AH7+1.5*AI7<15),"Sand",IF(AND(AH7+1.5*AI7>=15,AH7+2*AI7<30),"Loamy sand",IF(OR(AND(AI7>=7,AI7<20,AG7>52,AH7+2*AI7>=30),AND(AI7<7,AH7<50,AG7>43,AH7+2*AI7>=30)),"Sandy loam",IF(AND(AI7>=7,AI7<27,AH7>=28,AH7<50,AG7<=52),"Loam",IF(OR(AND(AH7>=50,AI7>=12,AI7<27),AND(AH7>=50,AH7<80,AI7<12)),"Silt loam",IF(AND(AH7>=80,AI7<12),"Silt",IF(AND(AI7>=20,AI7<35,AH7<28,AG7>45),"Sandy clay loam",IF(AND(AI7>=27,AI7<40,AG7>20,AG7<=45),"Clay loam",IF(AND(AI7>=27,AI7<40,AG7<=20),"Silty clay loam",IF(AND(AI7>=35,AG7>45),"Sandy clay",IF(AND(AI7>=40,AH7>=40),"Silty clay",IF(AND(AI7>=40,AG7<=45,AH7<40),"Clay","")))))))))))))) | AK7: =IF(OR(AD7="",T7="",N7=""),"",ROUND(AD7*T7*N7*(1-N(V7)/100),2)) | AL7: =IF(B7="","",IF(NOT(AND(LEFT(B7,3)="OFM",LEN(B7)=13)),"Sample ID must be OFM + 10 digits",IF(AND(C7="SOC",AA7="",AB7=""),"TOC 400 / ROC 600 missing",IF(AND(Z7<>"",AA7<>"",AB7<>"",AC7<>"",ABS(Z7-AA7-AB7-AC7)>0.1),"TC <> TOC400 + ROC600 + TIC900",IF(AND(Z7<>"",AD7<>"",Z7<AD7-0.05),"TC < TOC — impossible",IF(AND(T7<>"",OR(T7<0.6,T7>2.0)),"BD outside 0.6-2.0 — verify",IF(AND(C7="Texture",AJ7="CHECK SUM"),"Sand+Silt+Clay must total 100",IF(AND(AD7<>"",AD7>15),"TOC >15% — organic soil?",IF(AND(C7="SOC",W7="",X7=""),"No dry mass/area — ESM not possible","OK"))))))))
A8: 3 | N8: =IF(OR(L8="",M8=""),"",M8-L8) | Y8: =IF(AND(W8<>"",X8<>"",X8>0),ROUND(W8/X8*100,1),IF(OR(T8="",N8=""),"",ROUND(T8*N8*100*(1-N(V8)/100),1))) | AD8: =IF(AND(AA8="",AB8=""),"",ROUND(N(AA8)+N(AB8),4)) | AF8: =IF(OR(AD8="",AE8="",AE8=0),"",ROUND(AD8/AE8,2)) | AJ8: =IF(OR(AG8="",AH8="",AI8=""),"",IF(ABS(AG8+AH8+AI8-100)>1,"CHECK SUM",IF(AND(AH8+1.5*AI8<15),"Sand",IF(AND(AH8+1.5*AI8>=15,AH8+2*AI8<30),"Loamy sand",IF(OR(AND(AI8>=7,AI8<20,AG8>52,AH8+2*AI8>=30),AND(AI8<7,AH8<50,AG8>43,AH8+2*AI8>=30)),"Sandy loam",IF(AND(AI8>=7,AI8<27,AH8>=28,AH8<50,AG8<=52),"Loam",IF(OR(AND(AH8>=50,AI8>=12,AI8<27),AND(AH8>=50,AH8<80,AI8<12)),"Silt loam",IF(AND(AH8>=80,AI8<12),"Silt",IF(AND(AI8>=20,AI8<35,AH8<28,AG8>45),"Sandy clay loam",IF(AND(AI8>=27,AI8<40,AG8>20,AG8<=45),"Clay loam",IF(AND(AI8>=27,AI8<40,AG8<=20),"Silty clay loam",IF(AND(AI8>=35,AG8>45),"Sandy clay",IF(AND(AI8>=40,AH8>=40),"Silty clay",IF(AND(AI8>=40,AG8<=45,AH8<40),"Clay","")))))))))))))) | AK8: =IF(OR(AD8="",T8="",N8=""),"",ROUND(AD8*T8*N8*(1-N(V8)/100),2)) | AL8: =IF(B8="","",IF(NOT(AND(LEFT(B8,3)="OFM",LEN(B8)=13)),"Sample ID must be OFM + 10 digits",IF(AND(C8="SOC",AA8="",AB8=""),"TOC 400 / ROC 600 missing",IF(AND(Z8<>"",AA8<>"",AB8<>"",AC8<>"",ABS(Z8-AA8-AB8-AC8)>0.1),"TC <> TOC400 + ROC600 + TIC900",IF(AND(Z8<>"",AD8<>"",Z8<AD8-0.05),"TC < TOC — impossible",IF(AND(T8<>"",OR(T8<0.6,T8>2.0)),"BD outside 0.6-2.0 — verify",IF(AND(C8="Texture",AJ8="CHECK SUM"),"Sand+Silt+Clay must total 100",IF(AND(AD8<>"",AD8>15),"TOC >15% — organic soil?",IF(AND(C8="SOC",W8="",X8=""),"No dry mass/area — ESM not possible","OK"))))))))
A9: 4 | N9: =IF(OR(L9="",M9=""),"",M9-L9) | Y9: =IF(AND(W9<>"",X9<>"",X9>0),ROUND(W9/X9*100,1),IF(OR(T9="",N9=""),"",ROUND(T9*N9*100*(1-N(V9)/100),1))) | AD9: =IF(AND(AA9="",AB9=""),"",ROUND(N(AA9)+N(AB9),4)) | AF9: =IF(OR(AD9="",AE9="",AE9=0),"",ROUND(AD9/AE9,2)) | AJ9: =IF(OR(AG9="",AH9="",AI9=""),"",IF(ABS(AG9+AH9+AI9-100)>1,"CHECK SUM",IF(AND(AH9+1.5*AI9<15),"Sand",IF(AND(AH9+1.5*AI9>=15,AH9+2*AI9<30),"Loamy sand",IF(OR(AND(AI9>=7,AI9<20,AG9>52,AH9+2*AI9>=30),AND(AI9<7,AH9<50,AG9>43,AH9+2*AI9>=30)),"Sandy loam",IF(AND(AI9>=7,AI9<27,AH9>=28,AH9<50,AG9<=52),"Loam",IF(OR(AND(AH9>=50,AI9>=12,AI9<27),AND(AH9>=50,AH9<80,AI9<12)),"Silt loam",IF(AND(AH9>=80,AI9<12),"Silt",IF(AND(AI9>=20,AI9<35,AH9<28,AG9>45),"Sandy clay loam",IF(AND(AI9>=27,AI9<40,AG9>20,AG9<=45),"Clay loam",IF(AND(AI9>=27,AI9<40,AG9<=20),"Silty clay loam",IF(AND(AI9>=35,AG9>45),"Sandy clay",IF(AND(AI9>=40,AH9>=40),"Silty clay",IF(AND(AI9>=40,AG9<=45,AH9<40),"Clay","")))))))))))))) | AK9: =IF(OR(AD9="",T9="",N9=""),"",ROUND(AD9*T9*N9*(1-N(V9)/100),2)) | AL9: =IF(B9="","",IF(NOT(AND(LEFT(B9,3)="OFM",LEN(B9)=13)),"Sample ID must be OFM + 10 digits",IF(AND(C9="SOC",AA9="",AB9=""),"TOC 400 / ROC 600 missing",IF(AND(Z9<>"",AA9<>"",AB9<>"",AC9<>"",ABS(Z9-AA9-AB9-AC9)>0.1),"TC <> TOC400 + ROC600 + TIC900",IF(AND(Z9<>"",AD9<>"",Z9<AD9-0.05),"TC < TOC — impossible",IF(AND(T9<>"",OR(T9<0.6,T9>2.0)),"BD outside 0.6-2.0 — verify",IF(AND(C9="Texture",AJ9="CHECK SUM"),"Sand+Silt+Clay must total 100",IF(AND(AD9<>"",AD9>15),"TOC >15% — organic soil?",IF(AND(C9="SOC",W9="",X9=""),"No dry mass/area — ESM not possible","OK"))))))))
A10: 5 | N10: =IF(OR(L10="",M10=""),"",M10-L10) | Y10: =IF(AND(W10<>"",X10<>"",X10>0),ROUND(W10/X10*100,1),IF(OR(T10="",N10=""),"",ROUND(T10*N10*100*(1-N(V10)/100),1))) | AD10: =IF(AND(AA10="",AB10=""),"",ROUND(N(AA10)+N(AB10),4)) | AF10: =IF(OR(AD10="",AE10="",AE10=0),"",ROUND(AD10/AE10,2)) | AJ10: =IF(OR(AG10="",AH10="",AI10=""),"",IF(ABS(AG10+AH10+AI10-100)>1,"CHECK SUM",IF(AND(AH10+1.5*AI10<15),"Sand",IF(AND(AH10+1.5*AI10>=15,AH10+2*AI10<30),"Loamy sand",IF(OR(AND(AI10>=7,AI10<20,AG10>52,AH10+2*AI10>=30),AND(AI10<7,AH10<50,AG10>43,AH10+2*AI10>=30)),"Sandy loam",IF(AND(AI10>=7,AI10<27,AH10>=28,AH10<50,AG10<=52),"Loam",IF(OR(AND(AH10>=50,AI10>=12,AI10<27),AND(AH10>=50,AH10<80,AI10<12)),"Silt loam",IF(AND(AH10>=80,AI10<12),"Silt",IF(AND(AI10>=20,AI10<35,AH10<28,AG10>45),"Sandy clay loam",IF(AND(AI10>=27,AI10<40,AG10>20,AG10<=45),"Clay loam",IF(AND(AI10>=27,AI10<40,AG10<=20),"Silty clay loam",IF(AND(AI10>=35,AG10>45),"Sandy clay",IF(AND(AI10>=40,AH10>=40),"Silty clay",IF(AND(AI10>=40,AG10<=45,AH10<40),"Clay","")))))))))))))) | AK10: =IF(OR(AD10="",T10="",N10=""),"",ROUND(AD10*T10*N10*(1-N(V10)/100),2)) | AL10: =IF(B10="","",IF(NOT(AND(LEFT(B10,3)="OFM",LEN(B10)=13)),"Sample ID must be OFM + 10 digits",IF(AND(C10="SOC",AA10="",AB10=""),"TOC 400 / ROC 600 missing",IF(AND(Z10<>"",AA10<>"",AB10<>"",AC10<>"",ABS(Z10-AA10-AB10-AC10)>0.1),"TC <> TOC400 + ROC600 + TIC900",IF(AND(Z10<>"",AD10<>"",Z10<AD10-0.05),"TC < TOC — impossible",IF(AND(T10<>"",OR(T10<0.6,T10>2.0)),"BD outside 0.6-2.0 — verify",IF(AND(C10="Texture",AJ10="CHECK SUM"),"Sand+Silt+Clay must total 100",IF(AND(AD10<>"",AD10>15),"TOC >15% — organic soil?",IF(AND(C10="SOC",W10="",X10=""),"No dry mass/area — ESM not possible","OK"))))))))
A11: 6 | N11: =IF(OR(L11="",M11=""),"",M11-L11) | Y11: =IF(AND(W11<>"",X11<>"",X11>0),ROUND(W11/X11*100,1),IF(OR(T11="",N11=""),"",ROUND(T11*N11*100*(1-N(V11)/100),1))) | AD11: =IF(AND(AA11="",AB11=""),"",ROUND(N(AA11)+N(AB11),4)) | AF11: =IF(OR(AD11="",AE11="",AE11=0),"",ROUND(AD11/AE11,2)) | AJ11: =IF(OR(AG11="",AH11="",AI11=""),"",IF(ABS(AG11+AH11+AI11-100)>1,"CHECK SUM",IF(AND(AH11+1.5*AI11<15),"Sand",IF(AND(AH11+1.5*AI11>=15,AH11+2*AI11<30),"Loamy sand",IF(OR(AND(AI11>=7,AI11<20,AG11>52,AH11+2*AI11>=30),AND(AI11<7,AH11<50,AG11>43,AH11+2*AI11>=30)),"Sandy loam",IF(AND(AI11>=7,AI11<27,AH11>=28,AH11<50,AG11<=52),"Loam",IF(OR(AND(AH11>=50,AI11>=12,AI11<27),AND(AH11>=50,AH11<80,AI11<12)),"Silt loam",IF(AND(AH11>=80,AI11<12),"Silt",IF(AND(AI11>=20,AI11<35,AH11<28,AG11>45),"Sandy clay loam",IF(AND(AI11>=27,AI11<40,AG11>20,AG11<=45),"Clay loam",IF(AND(AI11>=27,AI11<40,AG11<=20),"Silty clay loam",IF(AND(AI11>=35,AG11>45),"Sandy clay",IF(AND(AI11>=40,AH11>=40),"Silty clay",IF(AND(AI11>=40,AG11<=45,AH11<40),"Clay","")))))))))))))) | AK11: =IF(OR(AD11="",T11="",N11=""),"",ROUND(AD11*T11*N11*(1-N(V11)/100),2)) | AL11: =IF(B11="","",IF(NOT(AND(LEFT(B11,3)="OFM",LEN(B11)=13)),"Sample ID must be OFM + 10 digits",IF(AND(C11="SOC",AA11="",AB11=""),"TOC 400 / ROC 600 missing",IF(AND(Z11<>"",AA11<>"",AB11<>"",AC11<>"",ABS(Z11-AA11-AB11-AC11)>0.1),"TC <> TOC400 + ROC600 + TIC900",IF(AND(Z11<>"",AD11<>"",Z11<AD11-0.05),"TC < TOC — impossible",IF(AND(T11<>"",OR(T11<0.6,T11>2.0)),"BD outside 0.6-2.0 — verify",IF(AND(C11="Texture",AJ11="CHECK SUM"),"Sand+Silt+Clay must total 100",IF(AND(AD11<>"",AD11>15),"TOC >15% — organic soil?",IF(AND(C11="SOC",W11="",X11=""),"No dry mass/area — ESM not possible","OK"))))))))
A12: 7 | N12: =IF(OR(L12="",M12=""),"",M12-L12) | Y12: =IF(AND(W12<>"",X12<>"",X12>0),ROUND(W12/X12*100,1),IF(OR(T12="",N12=""),"",ROUND(T12*N12*100*(1-N(V12)/100),1))) | AD12: =IF(AND(AA12="",AB12=""),"",ROUND(N(AA12)+N(AB12),4)) | AF12: =IF(OR(AD12="",AE12="",AE12=0),"",ROUND(AD12/AE12,2)) | AJ12: =IF(OR(AG12="",AH12="",AI12=""),"",IF(ABS(AG12+AH12+AI12-100)>1,"CHECK SUM",IF(AND(AH12+1.5*AI12<15),"Sand",IF(AND(AH12+1.5*AI12>=15,AH12+2*AI12<30),"Loamy sand",IF(OR(AND(AI12>=7,AI12<20,AG12>52,AH12+2*AI12>=30),AND(AI12<7,AH12<50,AG12>43,AH12+2*AI12>=30)),"Sandy loam",IF(AND(AI12>=7,AI12<27,AH12>=28,AH12<50,AG12<=52),"Loam",IF(OR(AND(AH12>=50,AI12>=12,AI12<27),AND(AH12>=50,AH12<80,AI12<12)),"Silt loam",IF(AND(AH12>=80,AI12<12),"Silt",IF(AND(AI12>=20,AI12<35,AH12<28,AG12>45),"Sandy clay loam",IF(AND(AI12>=27,AI12<40,AG12>20,AG12<=45),"Clay loam",IF(AND(AI12>=27,AI12<40,AG12<=20),"Silty clay loam",IF(AND(AI12>=35,AG12>45),"Sandy clay",IF(AND(AI12>=40,AH12>=40),"Silty clay",IF(AND(AI12>=40,AG12<=45,AH12<40),"Clay","")))))))))))))) | AK12: =IF(OR(AD12="",T12="",N12=""),"",ROUND(AD12*T12*N12*(1-N(V12)/100),2)) | AL12: =IF(B12="","",IF(NOT(AND(LEFT(B12,3)="OFM",LEN(B12)=13)),"Sample ID must be OFM + 10 digits",IF(AND(C12="SOC",AA12="",AB12=""),"TOC 400 / ROC 600 missing",IF(AND(Z12<>"",AA12<>"",AB12<>"",AC12<>"",ABS(Z12-AA12-AB12-AC12)>0.1),"TC <> TOC400 + ROC600 + TIC900",IF(AND(Z12<>"",AD12<>"",Z12<AD12-0.05),"TC < TOC — impossible",IF(AND(T12<>"",OR(T12<0.6,T12>2.0)),"BD outside 0.6-2.0 — verify",IF(AND(C12="Texture",AJ12="CHECK SUM"),"Sand+Silt+Clay must total 100",IF(AND(AD12<>"",AD12>15),"TOC >15% — organic soil?",IF(AND(C12="SOC",W12="",X12=""),"No dry mass/area — ESM not possible","OK"))))))))
A13: 8 | N13: =IF(OR(L13="",M13=""),"",M13-L13) | Y13: =IF(AND(W13<>"",X13<>"",X13>0),ROUND(W13/X13*100,1),IF(OR(T13="",N13=""),"",ROUND(T13*N13*100*(1-N(V13)/100),1))) | AD13: =IF(AND(AA13="",AB13=""),"",ROUND(N(AA13)+N(AB13),4)) | AF13: =IF(OR(AD13="",AE13="",AE13=0),"",ROUND(AD13/AE13,2)) | AJ13: =IF(OR(AG13="",AH13="",AI13=""),"",IF(ABS(AG13+AH13+AI13-100)>1,"CHECK SUM",IF(AND(AH13+1.5*AI13<15),"Sand",IF(AND(AH13+1.5*AI13>=15,AH13+2*AI13<30),"Loamy sand",IF(OR(AND(AI13>=7,AI13<20,AG13>52,AH13+2*AI13>=30),AND(AI13<7,AH13<50,AG13>43,AH13+2*AI13>=30)),"Sandy loam",IF(AND(AI13>=7,AI13<27,AH13>=28,AH13<50,AG13<=52),"Loam",IF(OR(AND(AH13>=50,AI13>=12,AI13<27),AND(AH13>=50,AH13<80,AI13<12)),"Silt loam",IF(AND(AH13>=80,AI13<12),"Silt",IF(AND(AI13>=20,AI13<35,AH13<28,AG13>45),"Sandy clay loam",IF(AND(AI13>=27,AI13<40,AG13>20,AG13<=45),"Clay loam",IF(AND(AI13>=27,AI13<40,AG13<=20),"Silty clay loam",IF(AND(AI13>=35,AG13>45),"Sandy clay",IF(AND(AI13>=40,AH13>=40),"Silty clay",IF(AND(AI13>=40,AG13<=45,AH13<40),"Clay","")))))))))))))) | AK13: =IF(OR(AD13="",T13="",N13=""),"",ROUND(AD13*T13*N13*(1-N(V13)/100),2)) | AL13: =IF(B13="","",IF(NOT(AND(LEFT(B13,3)="OFM",LEN(B13)=13)),"Sample ID must be OFM + 10 digits",IF(AND(C13="SOC",AA13="",AB13=""),"TOC 400 / ROC 600 missing",IF(AND(Z13<>"",AA13<>"",AB13<>"",AC13<>"",ABS(Z13-AA13-AB13-AC13)>0.1),"TC <> TOC400 + ROC600 + TIC900",IF(AND(Z13<>"",AD13<>"",Z13<AD13-0.05),"TC < TOC — impossible",IF(AND(T13<>"",OR(T13<0.6,T13>2.0)),"BD outside 0.6-2.0 — verify",IF(AND(C13="Texture",AJ13="CHECK SUM"),"Sand+Silt+Clay must total 100",IF(AND(AD13<>"",AD13>15),"TOC >15% — organic soil?",IF(AND(C13="SOC",W13="",X13=""),"No dry mass/area — ESM not possible","OK"))))))))
A14: 9 | N14: =IF(OR(L14="",M14=""),"",M14-L14) | Y14: =IF(AND(W14<>"",X14<>"",X14>0),ROUND(W14/X14*100,1),IF(OR(T14="",N14=""),"",ROUND(T14*N14*100*(1-N(V14)/100),1))) | AD14: =IF(AND(AA14="",AB14=""),"",ROUND(N(AA14)+N(AB14),4)) | AF14: =IF(OR(AD14="",AE14="",AE14=0),"",ROUND(AD14/AE14,2)) | AJ14: =IF(OR(AG14="",AH14="",AI14=""),"",IF(ABS(AG14+AH14+AI14-100)>1,"CHECK SUM",IF(AND(AH14+1.5*AI14<15),"Sand",IF(AND(AH14+1.5*AI14>=15,AH14+2*AI14<30),"Loamy sand",IF(OR(AND(AI14>=7,AI14<20,AG14>52,AH14+2*AI14>=30),AND(AI14<7,AH14<50,AG14>43,AH14+2*AI14>=30)),"Sandy loam",IF(AND(AI14>=7,AI14<27,AH14>=28,AH14<50,AG14<=52),"Loam",IF(OR(AND(AH14>=50,AI14>=12,AI14<27),AND(AH14>=50,AH14<80,AI14<12)),"Silt loam",IF(AND(AH14>=80,AI14<12),"Silt",IF(AND(AI14>=20,AI14<35,AH14<28,AG14>45),"Sandy clay loam",IF(AND(AI14>=27,AI14<40,AG14>20,AG14<=45),"Clay loam",IF(AND(AI14>=27,AI14<40,AG14<=20),"Silty clay loam",IF(AND(AI14>=35,AG14>45),"Sandy clay",IF(AND(AI14>=40,AH14>=40),"Silty clay",IF(AND(AI14>=40,AG14<=45,AH14<40),"Clay","")))))))))))))) | AK14: =IF(OR(AD14="",T14="",N14=""),"",ROUND(AD14*T14*N14*(1-N(V14)/100),2)) | AL14: =IF(B14="","",IF(NOT(AND(LEFT(B14,3)="OFM",LEN(B14)=13)),"Sample ID must be OFM + 10 digits",IF(AND(C14="SOC",AA14="",AB14=""),"TOC 400 / ROC 600 missing",IF(AND(Z14<>"",AA14<>"",AB14<>"",AC14<>"",ABS(Z14-AA14-AB14-AC14)>0.1),"TC <> TOC400 + ROC600 + TIC900",IF(AND(Z14<>"",AD14<>"",Z14<AD14-0.05),"TC < TOC — impossible",IF(AND(T14<>"",OR(T14<0.6,T14>2.0)),"BD outside 0.6-2.0 — verify",IF(AND(C14="Texture",AJ14="CHECK SUM"),"Sand+Silt+Clay must total 100",IF(AND(AD14<>"",AD14>15),"TOC >15% — organic soil?",IF(AND(C14="SOC",W14="",X14=""),"No dry mass/area — ESM not possible","OK"))))))))
A15: 10 | N15: =IF(OR(L15="",M15=""),"",M15-L15) | Y15: =IF(AND(W15<>"",X15<>"",X15>0),ROUND(W15/X15*100,1),IF(OR(T15="",N15=""),"",ROUND(T15*N15*100*(1-N(V15)/100),1))) | AD15: =IF(AND(AA15="",AB15=""),"",ROUND(N(AA15)+N(AB15),4)) | AF15: =IF(OR(AD15="",AE15="",AE15=0),"",ROUND(AD15/AE15,2)) | AJ15: =IF(OR(AG15="",AH15="",AI15=""),"",IF(ABS(AG15+AH15+AI15-100)>1,"CHECK SUM",IF(AND(AH15+1.5*AI15<15),"Sand",IF(AND(AH15+1.5*AI15>=15,AH15+2*AI15<30),"Loamy sand",IF(OR(AND(AI15>=7,AI15<20,AG15>52,AH15+2*AI15>=30),AND(AI15<7,AH15<50,AG15>43,AH15+2*AI15>=30)),"Sandy loam",IF(AND(AI15>=7,AI15<27,AH15>=28,AH15<50,AG15<=52),"Loam",IF(OR(AND(AH15>=50,AI15>=12,AI15<27),AND(AH15>=50,AH15<80,AI15<12)),"Silt loam",IF(AND(AH15>=80,AI15<12),"Silt",IF(AND(AI15>=20,AI15<35,AH15<28,AG15>45),"Sandy clay loam",IF(AND(AI15>=27,AI15<40,AG15>20,AG15<=45),"Clay loam",IF(AND(AI15>=27,AI15<40,AG15<=20),"Silty clay loam",IF(AND(AI15>=35,AG15>45),"Sandy clay",IF(AND(AI15>=40,AH15>=40),"Silty clay",IF(AND(AI15>=40,AG15<=45,AH15<40),"Clay","")))))))))))))) | AK15: =IF(OR(AD15="",T15="",N15=""),"",ROUND(AD15*T15*N15*(1-N(V15)/100),2)) | AL15: =IF(B15="","",IF(NOT(AND(LEFT(B15,3)="OFM",LEN(B15)=13)),"Sample ID must be OFM + 10 digits",IF(AND(C15="SOC",AA15="",AB15=""),"TOC 400 / ROC 600 missing",IF(AND(Z15<>"",AA15<>"",AB15<>"",AC15<>"",ABS(Z15-AA15-AB15-AC15)>0.1),"TC <> TOC400 + ROC600 + TIC900",IF(AND(Z15<>"",AD15<>"",Z15<AD15-0.05),"TC < TOC — impossible",IF(AND(T15<>"",OR(T15<0.6,T15>2.0)),"BD outside 0.6-2.0 — verify",IF(AND(C15="Texture",AJ15="CHECK SUM"),"Sand+Silt+Clay must total 100",IF(AND(AD15<>"",AD15>15),"TOC >15% — organic soil?",IF(AND(C15="SOC",W15="",X15=""),"No dry mass/area — ESM not possible","OK"))))))))
A16: 11 | N16: =IF(OR(L16="",M16=""),"",M16-L16) | Y16: =IF(AND(W16<>"",X16<>"",X16>0),ROUND(W16/X16*100,1),IF(OR(T16="",N16=""),"",ROUND(T16*N16*100*(1-N(V16)/100),1))) | AD16: =IF(AND(AA16="",AB16=""),"",ROUND(N(AA16)+N(AB16),4)) | AF16: =IF(OR(AD16="",AE16="",AE16=0),"",ROUND(AD16/AE16,2)) | AJ16: =IF(OR(AG16="",AH16="",AI16=""),"",IF(ABS(AG16+AH16+AI16-100)>1,"CHECK SUM",IF(AND(AH16+1.5*AI16<15),"Sand",IF(AND(AH16+1.5*AI16>=15,AH16+2*AI16<30),"Loamy sand",IF(OR(AND(AI16>=7,AI16<20,AG16>52,AH16+2*AI16>=30),AND(AI16<7,AH16<50,AG16>43,AH16+2*AI16>=30)),"Sandy loam",IF(AND(AI16>=7,AI16<27,AH16>=28,AH16<50,AG16<=52),"Loam",IF(OR(AND(AH16>=50,AI16>=12,AI16<27),AND(AH16>=50,AH16<80,AI16<12)),"Silt loam",IF(AND(AH16>=80,AI16<12),"Silt",IF(AND(AI16>=20,AI16<35,AH16<28,AG16>45),"Sandy clay loam",IF(AND(AI16>=27,AI16<40,AG16>20,AG16<=45),"Clay loam",IF(AND(AI16>=27,AI16<40,AG16<=20),"Silty clay loam",IF(AND(AI16>=35,AG16>45),"Sandy clay",IF(AND(AI16>=40,AH16>=40),"Silty clay",IF(AND(AI16>=40,AG16<=45,AH16<40),"Clay","")))))))))))))) | AK16: =IF(OR(AD16="",T16="",N16=""),"",ROUND(AD16*T16*N16*(1-N(V16)/100),2)) | AL16: =IF(B16="","",IF(NOT(AND(LEFT(B16,3)="OFM",LEN(B16)=13)),"Sample ID must be OFM + 10 digits",IF(AND(C16="SOC",AA16="",AB16=""),"TOC 400 / ROC 600 missing",IF(AND(Z16<>"",AA16<>"",AB16<>"",AC16<>"",ABS(Z16-AA16-AB16-AC16)>0.1),"TC <> TOC400 + ROC600 + TIC900",IF(AND(Z16<>"",AD16<>"",Z16<AD16-0.05),"TC < TOC — impossible",IF(AND(T16<>"",OR(T16<0.6,T16>2.0)),"BD outside 0.6-2.0 — verify",IF(AND(C16="Texture",AJ16="CHECK SUM"),"Sand+Silt+Clay must total 100",IF(AND(AD16<>"",AD16>15),"TOC >15% — organic soil?",IF(AND(C16="SOC",W16="",X16=""),"No dry mass/area — ESM not possible","OK"))))))))
A17: 12 | N17: =IF(OR(L17="",M17=""),"",M17-L17) | Y17: =IF(AND(W17<>"",X17<>"",X17>0),ROUND(W17/X17*100,1),IF(OR(T17="",N17=""),"",ROUND(T17*N17*100*(1-N(V17)/100),1))) | AD17: =IF(AND(AA17="",AB17=""),"",ROUND(N(AA17)+N(AB17),4)) | AF17: =IF(OR(AD17="",AE17="",AE17=0),"",ROUND(AD17/AE17,2)) | AJ17: =IF(OR(AG17="",AH17="",AI17=""),"",IF(ABS(AG17+AH17+AI17-100)>1,"CHECK SUM",IF(AND(AH17+1.5*AI17<15),"Sand",IF(AND(AH17+1.5*AI17>=15,AH17+2*AI17<30),"Loamy sand",IF(OR(AND(AI17>=7,AI17<20,AG17>52,AH17+2*AI17>=30),AND(AI17<7,AH17<50,AG17>43,AH17+2*AI17>=30)),"Sandy loam",IF(AND(AI17>=7,AI17<27,AH17>=28,AH17<50,AG17<=52),"Loam",IF(OR(AND(AH17>=50,AI17>=12,AI17<27),AND(AH17>=50,AH17<80,AI17<12)),"Silt loam",IF(AND(AH17>=80,AI17<12),"Silt",IF(AND(AI17>=20,AI17<35,AH17<28,AG17>45),"Sandy clay loam",IF(AND(AI17>=27,AI17<40,AG17>20,AG17<=45),"Clay loam",IF(AND(AI17>=27,AI17<40,AG17<=20),"Silty clay loam",IF(AND(AI17>=35,AG17>45),"Sandy clay",IF(AND(AI17>=40,AH17>=40),"Silty clay",IF(AND(AI17>=40,AG17<=45,AH17<40),"Clay","")))))))))))))) | AK17: =IF(OR(AD17="",T17="",N17=""),"",ROUND(AD17*T17*N17*(1-N(V17)/100),2)) | AL17: =IF(B17="","",IF(NOT(AND(LEFT(B17,3)="OFM",LEN(B17)=13)),"Sample ID must be OFM + 10 digits",IF(AND(C17="SOC",AA17="",AB17=""),"TOC 400 / ROC 600 missing",IF(AND(Z17<>"",AA17<>"",AB17<>"",AC17<>"",ABS(Z17-AA17-AB17-AC17)>0.1),"TC <> TOC400 + ROC600 + TIC900",IF(AND(Z17<>"",AD17<>"",Z17<AD17-0.05),"TC < TOC — impossible",IF(AND(T17<>"",OR(T17<0.6,T17>2.0)),"BD outside 0.6-2.0 — verify",IF(AND(C17="Texture",AJ17="CHECK SUM"),"Sand+Silt+Clay must total 100",IF(AND(AD17<>"",AD17>15),"TOC >15% — organic soil?",IF(AND(C17="SOC",W17="",X17=""),"No dry mass/area — ESM not possible","OK"))))))))
... A85: 80 | N85: =IF(OR(L85="",M85=""),"",M85-L85) | Y85: =IF(AND(W85<>"",X85<>"",X85>0),ROUND(W85/X85*100,1),IF(OR(T85="",N85=""),"",ROUND(T85*N85*100*(1-N(V85)/100),1))) | AD85: =IF(AND(AA85="",AB85=""),"",ROUND(N(AA85)+N(AB85),4)) | AF85: =IF(OR(AD85="",AE85="",AE85=0),"",ROUND(AD85/AE85,2)) | AJ85: =IF(OR(AG85="",AH85="",AI85=""),"",IF(ABS(AG85+AH85+AI85-100)>1,"CHECK SUM",IF(AND(AH85+1.5*AI85<15),"Sand",IF(AND(AH85+1.5*AI85>=15,AH85+2*AI85<30),"Loamy sand",IF(OR(AND(AI85>=7,AI85<20,AG85>52,AH85+2*AI85>=30),AND(AI85<7,AH85<50,AG85>43,AH85+2*AI85>=30)),"Sandy loam",IF(AND(AI85>=7,AI85<27,AH85>=28,AH85<50,AG85<=52),"Loam",IF(OR(AND(AH85>=50,AI85>=12,AI85<27),AND(AH85>=50,AH85<80,AI85<12)),"Silt loam",IF(AND(AH85>=80,AI85<12),"Silt",IF(AND(AI85>=20,AI85<35,AH85<28,AG85>45),"Sandy clay loam",IF(AND(AI85>=27,AI85<40,AG85>20,AG85<=45),"Clay loam",IF(AND(AI85>=27,AI85<40,AG85<=20),"Silty clay loam",IF(AND(AI85>=35,AG85>45),"Sandy clay",IF(AND(AI85>=40,AH85>=40),"Silty clay",IF(AND(AI85>=40,AG85<=45,AH85<40),"Clay","")))))))))))))) | AK85: =IF(OR(AD85="",T85="",N85=""),"",ROUND(AD85*T85*N85*(1-N(V85)/100),2)) | AL85: =IF(B85="","",IF(NOT(AND(LEFT(B85,3)="OFM",LEN(B85)=13)),"Sample ID must be OFM + 10 digits",IF(AND(C85="SOC",AA85="",AB85=""),"TOC 400 / ROC 600 missing",IF(AND(Z85<>"",AA85<>"",AB85<>"",AC85<>"",ABS(Z85-AA85-AB85-AC85)>0.1),"TC <> TOC400 + ROC600 + TIC900",IF(AND(Z85<>"",AD85<>"",Z85<AD85-0.05),"TC < TOC — impossible",IF(AND(T85<>"",OR(T85<0.6,T85>2.0)),"BD outside 0.6-2.0 — verify",IF(AND(C85="Texture",AJ85="CHECK SUM"),"Sand+Silt+Clay must total 100",IF(AND(AD85<>"",AD85>15),"TOC >15% — organic soil?",IF(AND(C85="SOC",W85="",X85=""),"No dry mass/area — ESM not possible","OK"))))))))

Sheet Instructions
B1: How to complete this datasheet
B3: What changed from v1.0, and why
B4: Sample ID is now 13 characters | C4: OFM followed by 10 digits, e.g. OFM0000021615. The previous sheet used 8 digits. Every ID on the work order will be in the new format; please copy them exactly, since the platform matches them character for character.
B5: Depth is now two columns | C5: Depth Top and Depth Base replace the single "Depth" column. The old sheet recorded 15 or 30 without saying whether that meant the thickness or the lower boundary, and the SOC formula treated it as thickness — so a 15-30 cm sample recorded as "30" produced double the true stock. Record 15 and 30 for the lower increment; Thickness computes itself.
B6: Coarse fragments | C6: Two new columns. Small CF (2-10 mm) is reported as a mass percentage of the bulk density sample; Large CF (>10 mm) as a percentage of soil volume. VM0042 v2.2 §8.2.1.5 requires soil mass to exclude particles over 2 mm, and the SOC calculation subtracts the volume occupied by large fragments. Where the soil is stone-free, enter 0.
B7: Texture block | C7: Sand, silt and clay percentages of the fine-earth fraction, for cycle 1 samples only. They must total 100. The USDA class derives itself; if it reads CHECK SUM the three figures do not add up.
B8: TOC is now calculated, not entered | C8: Under DIN 19539 / ISO 17505 the ramped run gives three fractions: TOC 400 (labile organic C), ROC 600 (recalcitrant organic C — char, soot, coal-derived) and TIC 900 (carbonates). Total organic carbon is TOC 400 + ROC 600, so the sheet computes it. Please report the three fractions and leave the TOC column alone. Reporting TOC 400 by itself as if it were TOC would under-state carbon in any soil holding char.
B9: Dry sample mass and probe area | C9: Two new columns, and the most important addition. VM0042 §8.2.1.6 requires stock change on an equivalent soil mass (ESM) basis, where soil mass is the dry sample mass divided by the area the probe or auger actually sampled. Fixed-depth accounting lets a change in bulk density — from tillage or compaction, i.e. from the practice being credited — manufacture an apparent carbon change. Without these two figures the ESM calculation cannot be done afterwards, so please record them for every SOC sample.
B10: Laboratory and method columns | C10: VM0042 §8.2.1.4 requires the analytical method and laboratory to be documented and to stay consistent for the project lifetime. A change of laboratory requires written justification, so these columns are not optional.
B12: Which columns you fill
B13: Yellow | C13: Laboratory enters the value.
B14: Grey | C14: Calculated by formula. Please do not overwrite — if a grey cell looks wrong, the inputs are usually the problem, and we would rather see it.
B15: QC Check | C15: Reads OK when the row passes. Anything else is a flag worth resolving before sending the file back. It checks the Sample ID format, that TC is at least TOC, that TC ≈ TOC + TIC, that bulk density is physically plausible, and that texture sums to 100.
B17: Analytical requirements
B18: Method | C18: Dry combustion (Dumas) is the reference method under VM0042 §8.2.1.4 — ISO 10694, with EN 15936:2022 as its designated successor. Loss on ignition and Walkley-Black appear in the dropdown but are "not recommended due to accuracy concerns" and should be used only where no alternative exists. Walkley-Black recovers only readily oxidisable carbon and needs a recovery factor that varies by soil; LOI confounds organic matter with structural water from clays.
B19: Carbonates | C19: Where carbonates are present (calcareous or limed soils), either acid-wash before combustion or report TIC separately so it can be subtracted. Note that carbonate recovery is temperature-sensitive — a run at 900–950 °C may not fully decompose them.
B20: Sample preparation | C20: Dry ≥24 h at 40 °C, or air-dry ≥48 h at room temperature; sieve to 2 mm with coarse material prevented from passing; mill for homogenisation. Report results on an oven-dry basis.
B21: Fine earth only | C21: All analyses are on the <2 mm fraction. Coarse material must not pass the 2 mm sieve.
B22: Bulk density | C22: Core, excavation or clod method per ISO 11272:2017, reported after removal of coarse fragments.
B23: Nitrogen | C23: Total N by dry combustion per ISO 13878 — same instrument and run as carbon on a CHN analyser.
B24: Consistency | C24: Sieving and grinding procedures must be reported and must not change over the project lifetime, even if the laboratory changes. VM0042 expects all samples across the project to go to the same laboratory; a change requires written justification.
B25: Replicates and QC | C25: Where a sample is analysed more than once, give each run its own row and number them in Replicate No. Please also send your method validation and control-chart data: VM0042 requires the laboratory to report analytical error statistics from repeated analyses, and evidence of proficiency testing (NAPT round-robin or GLOSOLAN membership).
B26: Units | C26: This sheet reports carbon and nitrogen as % of oven-dry mass. If your system reports g/kg, divide by 10 before entering (1% = 10 g/kg).
B28: Turnaround
B29: Shipping | C29: Samples ship within five days of the end of the sampling campaign (VM0042 §8.2.1.3). Refrigerated storage before analysis should not exceed three months.
B30: Return | C30: Send this workbook back unchanged in structure — added columns or renamed headers will not import. Extra notes are welcome in a separate sheet.
B32: The SOC calculation, for reference
B33: Formula | C33: SOC [t/ha] = TOC [%] × BD [g/cm³] × Thickness [cm] × (1 − LargeCF% / 100)
B34: Worked example | C34: TOC 1.00 %, BD 1.300 g/cm³, thickness 15 cm, no coarse fragments → 1.00 × 1.300 × 15 = 19.50 t/ha.
B35: Note on the factor | C35: This is the ×100 form used by the previous sheet and by the CarboNature GHG calculator. The functional specification prints ×1000, which is an order of magnitude high; the ×100 form is correct and is what this sheet uses.

Sheet Dashboard
B1: Campaign summary
B3: Samples received | C3: =COUNTA('Lab Results'!B6:B85) | D3: Rows with a Sample ID.
B4: — SOC samples | C4: =COUNTIF('Lab Results'!C6:C85,"SOC")
B5: — Texture samples | C5: =COUNTIF('Lab Results'!C6:C85,"Texture") | D5: Cycle 1 only.
B6: Rows failing QC | C6: =COUNTIFS('Lab Results'!AL6:AL85,"<>OK",'Lab Results'!AL6:AL85,"<>") | D6: Should be zero before the file is returned.
B8: Mean TOC [%] | C8: =IFERROR(ROUND(AVERAGE('Lab Results'!AD6:AD85),3),"")
B9: Mean BD [g/cm3] | C9: =IFERROR(ROUND(AVERAGE('Lab Results'!T6:T85),3),"")
B10: Mean SOC [t/ha] | C10: =IFERROR(ROUND(AVERAGE('Lab Results'!AK6:AK85),2),"")
B11: SD of SOC [t/ha] | C11: =IFERROR(ROUND(STDEV('Lab Results'!AK6:AK85),2),"")
B12: CV of SOC [%] | C12: =IFERROR(ROUND(STDEV('Lab Results'!AK6:AK85)/AVERAGE('Lab Results'!AK6:AK85)*100,1),"") | D12: Above 30% suggests the stratum is heterogeneous and may warrant splitting.
B14: Mean SOC — PR [t/ha] | C14: =IFERROR(ROUND(AVERAGEIF('Lab Results'!J6:J85,"PR",'Lab Results'!AK6:AK85),2),"")
B15: Mean SOC — BSL [t/ha] | C15: =IFERROR(ROUND(AVERAGEIF('Lab Results'!J6:J85,"BSL",'Lab Results'!AK6:AK85),2),"")
B17: Per-stratum summary is produced by the platform after import.
